Train Name,Arrival Time
Train01_10920,10920
Train01_13605,13605
Train01_16890,16890
Train01_20790,20790
Train01_24061,24061
Train01_31078,31078
Train01_33840,33840
Train01_3685,3685
Train01_36885,36885
Train01_41105,41105
Train01_43914,43914
Train01_51038,51038
Train01_53995,53995
Train01_57010,57010
Train01_680,680
Train03_11243,11243
Train03_12797,12797
Train03_14415,14415
Train03_16047,16047
Train03_17301,17301
Train03_18866,18866
Train03_19947,19947
Train03_21604,21604
Train03_23369,23369
Train03_25699,25699
Train03_26570,26570
Train03_27959,27959
Train03_29255,29255
Train03_29962,29962
Train03_3003,3003
Train03_31582,31582
Train03_32950,32950
Train03_34954,34954
Train03_36017,36017
Train03_37467,37467
Train03_38838,38838
Train03_40188,40188
Train03_4119,4119
Train03_41659,41659
Train03_43188,43188
Train03_44627,44627
Train03_46297,46297
Train03_47830,47830
Train03_48951,48951
Train03_50166,50166
Train03_51864,51864
Train03_53148,53148
Train03_54899,54899
Train03_56051,56051
Train03_57672,57672
Train03_58824,58824
Train03_60296,60296
Train03_6164,6164
Train03_7901,7901
Train03_9037,9037
Train03_9887,9887
Train04_40886,40886
Train04_45261,45261
Train04_47365,47365
Train04_55731,55731
Train04_57923,57923
Train06_11230,11230
Train06_13805,13805
Train06_14965,14965
Train06_16550,16550
Train06_21030,21030
Train06_22455,22455
Train06_2280,2280
Train06_23820,23820
Train06_25995,25995
Train06_26670,26670
Train06_32550,32550
Train06_33990,33990
Train06_35220,35220
Train06_36822,36822
Train06_3790,3790
Train06_41370,41370
Train06_42390,42390
Train06_45410,45410
Train06_46905,46905
Train06_51330,51330
Train06_52480,52480
Train06_54000,54000
Train06_55605,55605
Train06_56840,56840
Train06_6600,6600
Train06_945,945
Train08_13125,13125
Train08_14500,14500
Train08_1590,1590
Train08_17505,17505
Train08_21885,21885
Train08_23300,23300
Train08_24660,24660
Train08_26420,26420
Train08_27580,27580
Train08_3000,3000
Train08_33255,33255
Train08_34740,34740
Train08_36150,36150
Train08_37665,37665
Train08_41970,41970
Train08_43390,43390
Train08_4470,4470
Train08_44820,44820
Train08_46235,46235
Train08_47730,47730
Train08_52150,52150
Train08_53420,53420
Train08_55005,55005
Train08_56550,56550
Train08_57850,57850
Train08_5910,5910
Train08_7350,7350
Train24_1080,1080
Train24_11155,11155
Train24_12799,12799
Train24_14145,14145
Train24_15670,15670
Train24_17510,17510
Train24_18415,18415
Train24_21455,21455
Train24_22810,22810
Train24_24200,24200
Train24_25720,25720
Train24_26910,26910
Train24_2706,2706
Train24_28455,28455
Train24_31440,31440
Train24_32925,32925
Train24_34365,34365
Train24_35748,35748
Train24_37105,37105
Train24_38730,38730
Train24_3900,3900
Train24_41825,41825
Train24_43055,43055
Train24_44365,44365
Train24_45855,45855
Train24_47355,47355
Train24_48675,48675
Train24_51630,51630
Train24_53017,53017
Train24_54470,54470
Train24_55785,55785
Train24_5593,5593
Train24_57315,57315
Train24_7020,7020
Train24_8420,8420
Train25_12724,12724
Train25_14039,14039
Train25_15188,15188
Train25_17239,17239
Train25_18199,18199
Train25_19495,19495
Train25_20923,20923
Train25_22569,22569
Train25_2338,2338
Train25_24347,24347
Train25_25965,25965
Train25_26667,26667
Train25_28519,28519
Train25_29743,29743
Train25_31174,31174
Train25_32636,32636
Train25_34502,34502
Train25_35841,35841
Train25_37044,37044
Train25_3770,3770
Train25_38444,38444
Train25_39736,39736
Train25_42856,42856
Train25_43998,43998
Train25_45651,45651
Train25_47073,47073
Train25_48383,48383
Train25_49968,49968
Train25_51430,51430
Train25_52645,52645
Train25_5266,5266
Train25_54211,54211
Train25_55503,55503
Train25_57667,57667
Train25_58825,58825
Train25_59779,59779
Train25_6709,6709
Train25_742,742
Train25_8024,8024
Train25_9550,9550
Train26_1094,1094
Train26_11906,11906
Train26_13036,13036
Train26_15176,15176
Train26_16536,16536
Train26_18260,18260
Train26_19354,19354
Train26_22906,22906
Train26_24457,24457
Train26_25889,25889
Train26_27003,27003
Train26_27619,27619
Train26_29424,29424
Train26_30455,30455
Train26_32110,32110
Train26_34996,34996
Train26_36449,36449
Train26_37677,37677
Train26_3826,3826
Train26_39326,39326
Train26_40688,40688
Train26_42395,42395
Train26_43473,43473
Train26_46380,46380
Train26_46406,46406
Train26_48263,48263
Train26_49404,49404
Train26_5099,5099
Train26_51714,51714
Train26_52032,52032
Train26_54596,54596
Train26_56133,56133
Train26_57421,57421
Train26_58017,58017
Train26_59660,59660
Train26_6610,6610
Train26_8118,8118
Train26_8816,8816
Train27_11168,11168
Train27_11401,11401
Train27_12210,12210
Train27_14253,14253
Train27_15488,15488
Train27_16650,16650
Train27_18070,18070
Train27_1852,1852
Train27_21122,21122
Train27_21241,21241
Train27_22828,22828
Train27_24245,24245
Train27_25981,25981
Train27_26760,26760
Train27_28568,28568
Train27_30667,30667
Train27_31522,31522
Train27_32880,32880
Train27_34436,34436
Train27_35289,35289
Train27_36673,36673
Train27_38436,38436
Train27_3931,3931
Train27_39489,39489
Train27_41212,41212
Train27_42456,42456
Train27_44348,44348
Train27_45392,45392
Train27_47399,47399
Train27_48009,48009
Train27_49286,49286
Train27_51750,51750
Train27_522,522
Train27_53166,53166
Train27_53463,53463
Train27_56310,56310
Train27_56444,56444
Train27_58617,58617
Train27_59550,59550
Train27_5966,5966
Train27_7179,7179
Train27_9017,9017
Train28_11216,11216
Train28_12574,12574
Train28_14835,14835
Train28_15562,15562
Train28_17075,17075
Train28_18377,18377
Train28_19698,19698
Train28_21388,21388
Train28_22916,22916
Train28_24293,24293
Train28_2523,2523
Train28_25799,25799
Train28_26929,26929
Train28_29029,29029
Train28_29872,29872
Train28_31480,31480
Train28_32963,32963
Train28_34750,34750
Train28_35933,35933
Train28_37207,37207
Train28_38289,38289
Train28_3860,3860
Train28_39718,39718
Train28_41096,41096
Train28_42753,42753
Train28_44160,44160
Train28_45699,45699
Train28_47337,47337
Train28_48515,48515
Train28_49903,49903
Train28_51385,51385
Train28_52820,52820
Train28_54549,54549
Train28_55747,55747
Train28_57237,57237
Train28_58596,58596
Train28_59729,59729
Train28_6184,6184
Train28_7111,7111
Train28_8352,8352
Train28_968,968
Train28_9779,9779
Train29_10506,10506
Train29_11987,11987
Train29_13356,13356
Train29_14885,14885
Train29_16349,16349
Train29_17737,17737
Train29_19151,19151
Train29_1939,1939
Train29_20278,20278
Train29_22084,22084
Train29_23289,23289
Train29_25047,25047
Train29_26187,26187
Train29_27708,27708
Train29_29373,29373
Train29_30529,30529
Train29_32086,32086
Train29_3245,3245
Train29_33414,33414
Train29_34907,34907
Train29_36263,36263
Train29_37734,37734
Train29_39289,39289
Train29_40704,40704
Train29_42186,42186
Train29_425,425
Train29_43622,43622
Train29_45055,45055
Train29_46517,46517
Train29_48057,48057
Train29_49501,49501
Train29_4969,4969
Train29_50786,50786
Train29_52088,52088
Train29_53691,53691
Train29_55190,55190
Train29_56505,56505
Train29_57952,57952
Train29_59351,59351
Train29_6269,6269
Train29_9431,9431
Train30_10987,10987
Train30_12539,12539
Train30_14095,14095
Train30_15374,15374
Train30_16828,16828
Train30_18113,18113
Train30_19606,19606
Train30_21150,21150
Train30_22777,22777
Train30_24214,24214
Train30_2440,2440
Train30_25578,25578
Train30_27027,27027
Train30_28334,28334
Train30_30156,30156
Train30_31423,31423
Train30_32828,32828
Train30_34198,34198
Train30_35525,35525
Train30_37058,37058
Train30_38405,38405
Train30_39863,39863
Train30_3991,3991
Train30_41411,41411
Train30_42812,42812
Train30_44240,44240
Train30_45740,45740
Train30_47155,47155
Train30_48346,48346
Train30_49843,49843
Train30_51929,51929
Train30_5217,5217
Train30_53421,53421
Train30_54642,54642
Train30_56189,56189
Train30_57461,57461
Train30_58771,58771
Train30_6907,6907
Train30_8060,8060
Train30_939,939
Train30_9479,9479
Train31_57389,57389
Train32_1385,1385
Train33_10045,10045
Train33_11535,11535
Train33_1272,1272
Train33_12827,12827
Train33_14506,14506
Train33_16120,16120
Train33_17603,17603
Train33_18647,18647
Train33_19996,19996
Train33_21429,21429
Train33_22978,22978
Train33_24321,24321
Train33_25860,25860
Train33_27733,27733
Train33_28800,28800
Train33_30345,30345
Train33_31630,31630
Train33_3227,3227
Train33_33154,33154
Train33_34482,34482
Train33_35914,35914
Train33_37420,37420
Train33_38731,38731
Train33_39955,39955
Train33_41355,41355
Train33_42971,42971
Train33_4311,4311
Train33_44526,44526
Train33_45978,45978
Train33_47291,47291
Train33_48606,48606
Train33_50200,50200
Train33_51976,51976
Train33_53293,53293
Train33_54567,54567
Train33_56208,56208
Train33_57602,57602
Train33_5788,5788
Train33_59336,59336
Train33_60211,60211
Train33_7288,7288
Train33_8577,8577
Train34_10327,10327
Train34_11566,11566
Train34_12774,12774
Train34_14518,14518
Train34_16026,16026
Train34_17315,17315
Train34_18624,18624
Train34_20299,20299
Train34_21539,21539
Train34_22998,22998
Train34_24711,24711
Train34_26341,26341
Train34_2677,2677
Train34_27249,27249
Train34_28946,28946
Train34_30106,30106
Train34_31538,31538
Train34_33118,33118
Train34_35034,35034
Train34_36234,36234
Train34_37787,37787
Train34_39215,39215
Train34_40948,40948
Train34_4208,4208
Train34_42554,42554
Train34_43575,43575
Train34_45146,45146
Train34_47220,47220
Train34_47990,47990
Train34_48802,48802
Train34_50365,50365
Train34_51705,51705
Train34_53625,53625
Train34_55209,55209
Train34_56456,56456
Train34_57693,57693
Train34_58991,58991
Train34_60434,60434
Train34_6424,6424
Train34_7426,7426
Train34_8435,8435
Train35_11718,11718
Train35_13066,13066
Train35_1309,1309
Train35_14277,14277
Train35_16845,16845
Train35_17855,17855
Train35_18902,18902
Train35_20196,20196
Train35_21672,21672
Train35_23070,23070
Train35_24654,24654
Train35_26276,26276
Train35_27865,27865
Train35_28835,28835
Train35_30566,30566
Train35_31570,31570
Train35_3253,3253
Train35_32916,32916
Train35_34392,34392
Train35_36355,36355
Train35_38423,38423
Train35_38739,38739
Train35_41590,41590
Train35_42989,42989
Train35_44727,44727
Train35_46572,46572
Train35_47554,47554
Train35_4849,4849
Train35_48896,48896
Train35_51881,51881
Train35_52207,52207
Train35_53184,53184
Train35_545,545
Train35_55395,55395
Train35_56860,56860
Train35_58636,58636
Train35_59250,59250
Train35_60292,60292
Train35_6491,6491
Train35_7939,7939
Train35_9091,9091
Train35_9920,9920
Train36_10231,10231
Train36_11916,11916
Train36_13157,13157
Train36_15060,15060
Train36_1657,1657
Train36_16732,16732
Train36_17447,17447
Train36_18850,18850
Train36_20453,20453
Train36_219,219
Train36_22011,22011
Train36_23089,23089
Train36_24971,24971
Train36_27443,27443
Train36_28152,28152
Train36_28902,28902
Train36_30794,30794
Train36_31827,31827
Train36_33743,33743
Train36_3396,3396
Train36_34791,34791
Train36_36794,36794
Train36_37757,37757
Train36_39174,39174
Train36_40454,40454
Train36_42162,42162
Train36_43562,43562
Train36_44797,44797
Train36_46688,46688
Train36_48474,48474
Train36_49956,49956
Train36_50730,50730
Train36_52359,52359
Train36_53739,53739
Train36_56343,56343
Train36_56668,56668
Train36_58542,58542
Train36_6068,6068
Train36_6365,6365
Train36_7771,7771
Train36_9040,9040
Train37_10582,10582
Train37_11590,11590
Train37_13915,13915
Train37_15160,15160
Train37_16279,16279
Train37_1729,1729
Train37_17932,17932
Train37_19548,19548
Train37_20433,20433
Train37_22118,22118
Train37_23535,23535
Train37_25266,25266
Train37_26166,26166
Train37_27828,27828
Train37_28655,28655
Train37_29771,29771
Train37_31158,31158
Train37_3122,3122
Train37_32708,32708
Train37_34839,34839
Train37_36092,36092
Train37_38328,38328
Train37_39085,39085
Train37_41540,41540
Train37_42889,42889
Train37_43350,43350
Train37_4423,4423
Train37_45231,45231
Train37_47595,47595
Train37_4995,4995
Train37_50347,50347
Train37_52523,52523
Train37_52959,52959
Train37_55004,55004
Train37_57038,57038
Train37_58118,58118
Train37_58697,58697
Train37_7418,7418
Train37_8527,8527
Train38_10705,10705
Train38_12282,12282
Train38_13810,13810
Train38_15464,15464
Train38_17055,17055
Train38_17878,17878
Train38_19406,19406
Train38_20951,20951
Train38_22590,22590
Train38_2394,2394
Train38_24421,24421
Train38_25683,25683
Train38_26970,26970
Train38_30359,30359
Train38_31645,31645
Train38_33044,33044
Train38_33897,33897
Train38_35616,35616
Train38_37316,37316
Train38_38591,38591
Train38_40182,40182
Train38_41362,41362
Train38_42709,42709
Train38_4341,4341
Train38_44550,44550
Train38_45310,45310
Train38_47576,47576
Train38_48216,48216
Train38_49983,49983
Train38_51041,51041
Train38_5108,5108
Train38_52984,52984
Train38_54182,54182
Train38_55908,55908
Train38_57490,57490
Train38_58720,58720
Train38_60084,60084
Train38_7128,7128
Train38_7983,7983
Train38_863,863
Train38_9730,9730
Train39_10743,10743
Train39_13301,13301
Train39_13504,13504
Train39_14855,14855
Train39_1503,1503
Train39_16488,16488
Train39_17751,17751
Train39_18965,18965
Train39_20657,20657
Train39_22743,22743
Train39_238,238
Train39_25643,25643
Train39_27231,27231
Train39_28127,28127
Train39_29140,29140
Train39_31022,31022
Train39_33658,33658
Train39_34216,34216
Train39_35900,35900
Train39_37289,37289
Train39_38160,38160
Train39_39512,39512
Train39_40996,40996
Train39_4593,4593
Train39_5965,5965
Train39_7363,7363
Train39_7654,7654
Train39_9617,9617
Train40_17693,17693
Train40_26636,26636
Train40_47104,47104
Train40_6677,6677
Train41_4542,4542
Train41_45617,45617
Train42_28588,28588
Train42_32249,32249
Train42_41741,41741
Train42_8661,8661
Train43_50460,50460
Train44_58355,58355
Train44_59647,59647
Train45_26080,26080
Train45_34800,34800
Train46_13389,13389
Train46_16256,16256
Train46_19097,19097
Train46_23486,23486
Train46_26474,26474
Train46_2852,2852
Train46_28934,28934
Train46_33613,33613
Train46_36505,36505
Train46_39254,39254
Train46_43582,43582
Train46_46298,46298
Train46_49426,49426
Train46_53455,53455
Train46_56647,56647
Train46_59527,59527
Train46_6206,6206
Train46_8644,8644
